family,comp,n,residual,ci_lo,ci_hi,p,bh_fdr,bonferroni
rep,MRK+MRK+SUP,1023,0.047156,0.017429,0.077058,0.00400,false,false
7C3,ASN+MRK+TNK,1443,-0.039282,-0.064028,-0.012552,0.00467,false,false
7C3,CTL+DMG+SUP,2592,-0.024738,-0.043207,-0.006130,0.00933,false,false
rep,ASN+SUP+SUP,592,-0.049176,-0.088223,-0.008748,0.01200,false,false
7C2,SUP&CTL,10482,-0.011292,-0.020526,-0.001990,0.01533,false,false
7C2,TNK&MRK,6188,-0.015233,-0.027141,-0.002682,0.01733,false,false
7C3,ASN+DMG+TNK,4035,0.016538,0.002102,0.030967,0.02133,false,false
rep,CTL+DMG+DMG,3986,0.016862,0.001706,0.031824,0.02733,false,false
7C3,ASN+SUP+TNK,1488,0.027060,0.001942,0.052219,0.03600,false,false
rep,CTL+MRK+MRK,1185,-0.029547,-0.057810,-0.000977,0.04467,false,false
7C2,MRK&CTL,13889,-0.008037,-0.015596,-0.000045,0.04733,false,false
7C3,ART+CTL+TNK,525,0.041240,0.000253,0.080960,0.04867,false,false
7C2,ART&CTL,3569,0.015613,0.000131,0.030913,0.04867,false,false
rep,CTL+CTL+CTL,765,-0.034184,-0.068488,0.000594,0.05333,false,false
7C3,ART+ASN+MRK,585,0.037880,-0.001565,0.075808,0.06200,false,false
7C3,MRK+SUP+TNK,992,0.029144,-0.002171,0.059422,0.06667,false,false
7C2,DMG&SUP,11810,-0.008168,-0.016430,0.000386,0.06733,false,false
7C2,DMG&TNK,14204,0.007086,-0.000635,0.014771,0.07000,false,false
7C3,ART+ASN+DMG,1036,-0.026316,-0.056998,0.002605,0.07867,false,false
7C2,ASN&TNK,13527,0.006682,-0.000953,0.014509,0.07933,false,false
rep,DMG+DMG+TNK,1910,0.019441,-0.003197,0.041453,0.08000,false,false
7C3,CTL+MRK+SUP,1726,-0.019754,-0.042726,0.003438,0.09600,false,false
7C2,DMG&ART,4035,-0.011495,-0.025541,0.002733,0.10600,false,false
7C2,SUP&MRK,9396,0.007695,-0.001605,0.016780,0.10933,false,false
7C3,DMG+MRK+TNK,1548,-0.019280,-0.043260,0.004954,0.11600,false,false
rep,SUP+SUP+TNK,409,-0.037616,-0.085344,0.011535,0.11933,false,false
7C3,ASN+CTL+TNK,3729,0.012254,-0.003647,0.027788,0.12800,false,false
7C3,CTL+MRK+TNK,1397,-0.019827,-0.045632,0.006687,0.14400,false,false
1,TNK+,32338,0.003320,-0.001100,0.007911,0.14600,false,false
7C2,TNK&CTL,13477,0.005558,-0.001797,0.013467,0.15733,false,false
7C3,CTL+DMG+TNK,3974,0.010678,-0.004493,0.025899,0.16333,false,false
rep,DMG+SUP+SUP,526,-0.027361,-0.069301,0.013406,0.18467,false,false
7C3,ART+CTL+SUP,334,0.035366,-0.017522,0.085978,0.19600,false,false
1,MRK+,40269,-0.002406,-0.005936,0.001194,0.20133,false,false
rep,CTL+CTL+MRK,1408,0.016302,-0.009524,0.041912,0.21467,false,false
7C3,ART+ASN+SUP,366,0.032061,-0.019084,0.082975,0.22733,false,false
7C2,ART&SUP,1693,0.014428,-0.008467,0.037267,0.23133,false,false
7C2,DMG&MRK,17105,-0.003975,-0.010667,0.002713,0.25067,false,false
rep,CTL+CTL+SUP,1101,0.016754,-0.011757,0.045464,0.25200,false,false
7C3,ART+DMG+TNK,541,-0.024189,-0.065499,0.018347,0.25933,false,false
rep,ASN+MRK+MRK,1929,-0.012688,-0.035200,0.008643,0.26200,false,false
rep,MRK+SUP+SUP,561,0.024015,-0.019743,0.062833,0.26400,false,false
rep,ASN+ASN+ASN,742,-0.019341,-0.055708,0.016527,0.26733,false,false
7C3,CTL+SUP+TNK,1515,-0.014041,-0.039157,0.010624,0.28333,false,false
rep,ASN+ASN+TNK,1650,-0.012652,-0.036074,0.010111,0.28467,false,false
7C2,ASN&CTL,27314,0.002875,-0.002389,0.007943,0.28667,false,false
rep,CTL+CTL+DMG,2979,-0.009598,-0.026801,0.008239,0.28867,false,false
rep,ART+ASN+ASN,436,0.023978,-0.021544,0.068728,0.30667,false,false
rep,ASN+TNK+TNK,679,0.019817,-0.016820,0.055879,0.30667,false,false
rep,MRK+TNK+TNK,205,-0.033083,-0.102683,0.032402,0.30733,false,false
7C3,CTL+DMG+MRK,3728,-0.007944,-0.024024,0.008330,0.32067,false,false
7C3,ART+MRK+TNK,172,-0.037410,-0.109535,0.038178,0.32467,false,false
rep,ASN+ASN+CTL,3483,0.008073,-0.008001,0.024089,0.34533,false,false
rep,SUP+TNK+TNK,261,-0.026603,-0.088640,0.036257,0.37267,false,false
7C3,ASN+CTL+SUP,2805,-0.008031,-0.026607,0.009966,0.38200,false,false
rep,ASN+DMG+DMG,4510,-0.005962,-0.020783,0.007900,0.39667,false,false
7C2,ASN&MRK,17766,-0.002896,-0.008992,0.003622,0.40400,false,false
rep,ART+CTL+CTL,374,0.020483,-0.028252,0.070758,0.41400,false,false
rep,MRK+MRK+MRK,424,0.019263,-0.027416,0.065718,0.41667,false,false
rep,DMG+DMG+SUP,1435,-0.010701,-0.036558,0.015492,0.42733,false,false
7C2,ART&ASN,3874,0.006117,-0.008955,0.020123,0.43200,false,false
rep,ART+DMG+DMG,449,-0.018088,-0.065364,0.028841,0.45600,false,false
1,ART+,9793,0.003512,-0.005406,0.012372,0.45600,false,false
1,SUP+,29907,-0.001834,-0.006751,0.003118,0.45667,false,false
rep,DMG+DMG+MRK,2191,-0.007526,-0.028637,0.012484,0.45800,false,false
7C3,ART+ASN+CTL,905,0.011999,-0.019370,0.043328,0.47267,false,false
rep,CTL+SUP+SUP,409,-0.016159,-0.065064,0.030339,0.49867,false,false
rep,ASN+ASN+MRK,2057,0.006515,-0.015129,0.028198,0.51000,false,false
7C3,ART+CTL+DMG,983,0.009798,-0.019859,0.039320,0.53067,false,false
7C3,ART+DMG+MRK,636,-0.011599,-0.049272,0.026320,0.55333,false,false
7C2,SUP&TNK,6347,0.003515,-0.008525,0.015302,0.56067,false,false
rep,CTL+CTL+TNK,1682,0.006939,-0.016893,0.030796,0.57467,false,false
rep,DMG+MRK+MRK,1613,0.006600,-0.016856,0.030401,0.58000,false,false
1,DMG+,65974,-0.000685,-0.003237,0.001877,0.60867,false,false
1,ASN+,65697,0.000676,-0.001862,0.003165,0.62200,false,false
7C3,ASN+DMG+SUP,3216,-0.003921,-0.021111,0.014884,0.65667,false,false
7C2,ART&MRK,2460,0.004609,-0.014466,0.023826,0.65933,false,false
rep,ASN+CTL+CTL,3535,0.003520,-0.012905,0.019897,0.66467,false,false
rep,MRK+MRK+TNK,431,0.009904,-0.035610,0.058074,0.66600,false,false
7C3,ART+MRK+SUP,363,0.010983,-0.043710,0.062277,0.67533,false,false
7C3,ART+SUP+TNK,186,-0.014598,-0.086301,0.058062,0.68600,false,false
7C3,DMG+MRK+SUP,2196,0.003759,-0.016139,0.024752,0.73000,false,false
7C2,ASN&SUP,12264,-0.000992,-0.009354,0.007592,0.80600,false,false
rep,DMG+DMG+DMG,1195,-0.003741,-0.032027,0.024546,0.80867,false,false
7C3,ART+CTL+MRK,421,-0.005547,-0.050929,0.042791,0.81133,false,false
7C3,ART+DMG+SUP,349,0.006616,-0.046265,0.056549,0.82267,false,false
rep,ASN+ASN+DMG,4083,0.001875,-0.013232,0.016721,0.83200,false,false
7C3,ASN+CTL+DMG,8833,0.001105,-0.008445,0.010997,0.84067,false,false
1,CTL+,59080,0.000260,-0.002632,0.003156,0.84467,false,false
rep,DMG+TNK+TNK,700,-0.003080,-0.041682,0.032398,0.85200,false,false
rep,ASN+ASN+SUP,1262,-0.002739,-0.029409,0.023430,0.86133,false,false
7C2,DMG&ASN,30906,0.000447,-0.004299,0.005344,0.86267,false,false
rep,CTL+TNK+TNK,655,0.003699,-0.034288,0.041031,0.86733,false,false
7C3,ART+ASN+TNK,503,0.003571,-0.038391,0.045564,0.87000,false,false
7C3,ASN+MRK+SUP,2535,0.001395,-0.016699,0.020854,0.88000,false,false
7C3,ASN+CTL+MRK,4024,-0.001447,-0.016949,0.013660,0.88067,false,false
rep,ART+MRK+MRK,260,0.004877,-0.057413,0.063102,0.88133,false,false
7C2,DMG&CTL,27075,0.000248,-0.004917,0.005502,0.92600,false,false
7C3,ASN+DMG+MRK,5193,-0.000686,-0.013685,0.012551,0.93933,false,false
7C2,ART&TNK,2065,0.001157,-0.020169,0.022600,0.95200,false,false
7C3,DMG+SUP+TNK,1496,-0.000370,-0.024850,0.024786,0.99933,false,false
